param_model__C,param_model__gamma,param_model__class_weight,mean_test_score,std_test_score,mean_fit_time
0.1,scale,,0.4117647058823529,0.0,1.4153790950775147
0.1,0.01,,0.4117647058823529,0.0,1.1744429111480712
0.1,0.1,,0.4117647058823529,0.0,1.3068858623504638
0.1,scale,balanced,0.6691965205809189,0.02549859112524422,1.4774763107299804
0.1,0.01,balanced,0.6647070104877162,0.04161632717215917,1.2858230113983153
0.1,0.1,balanced,0.6500768147322064,0.02823510516108377,1.3593915462493897
1.0,scale,,0.64998322556394,0.04557408528048069,0.9770681858062744
1.0,0.01,,0.4785035733962101,0.01836349820999055,0.7813236713409424
1.0,0.1,,0.6397883717646868,0.046480632572766994,0.9311781406402588
1.0,scale,balanced,0.6926995295945023,0.027906148217922075,0.8966503143310547
1.0,0.01,balanced,0.6759838796248292,0.03402469234510755,0.9030162334442139
1.0,0.1,balanced,0.6858329814259234,0.030954647313401657,1.0221306800842285
10.0,scale,,0.6679513526545502,0.03991062626855359,1.3806204795837402
10.0,0.01,,0.6592944264931038,0.06840358597446704,0.8217400550842285
10.0,0.1,,0.6687879120762538,0.04925807921813073,1.1776517868041991
10.0,scale,balanced,0.6662467011173703,0.03754983568355379,1.143275213241577
10.0,0.01,balanced,0.6858797173549854,0.03361802431276268,0.837906789779663
10.0,0.1,balanced,0.6615406139060827,0.03993435793925316,0.9323794841766357
